{
  "22": 0.49175,
  "32s": 0.369,
  "32o": 0.316,
  "42s": 0.3625,
  "42o": 0.3215,
  "52s": 0.3635,
  "52o": 0.3235,
  "62s": 0.35775,
  "62o": 0.3345,
  "72s": 0.34875,
  "72o": 0.35275,
  "82s": 0.3825,
  "82o": 0.362,
  "92s": 0.43775,
  "92o": 0.3995,
  "T2s": 0.43775,
  "T2o": 0.406,
  "J2s": 0.47225,
  "J2o": 0.4745,
  "Q2s": 0.51375,
  "Q2o": 0.46975,
  "K2s": 0.52825,
  "K2o": 0.507,
  "A2s": 0.56725,
  "A2o": 0.5635,
  "33": 0.54525,
  "43s": 0.375,
  "43o": 0.325,
  "53s": 0.4025,
  "53o": 0.3535,
  "63s": 0.386,
  "63o": 0.37925,
  "73s": 0.4145,
  "73o": 0.3565,
  "83s": 0.42,
  "83o": 0.36075,
  "93s": 0.4245,
  "93o": 0.40175,
  "T3s": 0.45375,
  "T3o": 0.42475,
  "J3s": 0.50325,
  "J3o": 0.44475,
  "Q3s": 0.49875,
  "Q3o": 0.476,
  "K3s": 0.55375,
  "K3o": 0.5065,
  "A3s": 0.5635,
  "A3o": 0.5665,
  "44": 0.5605,
  "54s": 0.41725,
  "54o": 0.386,
  "64s": 0.4175,
  "64o": 0.368,
  "74s": 0.42275,
  "74o": 0.37825,
  "84s": 0.41475,
  "84o": 0.37175,
  "94s": 0.44025,
  "94o": 0.41475,
  "T4s": 0.447,
  "T4o": 0.42,
  "J4s": 0.4895,
  "J4o": 0.47,
  "Q4s": 0.51775,
  "Q4o": 0.5005,
  "K4s": 0.563,
  "K4o": 0.53875,
  "A4s": 0.59125,
  "A4o": 0.56175,
  "55": 0.594,
  "65s": 0.418,
  "65o": 0.389,
  "75s": 0.42975,
  "75o": 0.397,
  "85s": 0.429,
  "85o": 0.4175,
  "95s": 0.44925,
  "95o": 0.4365,
  "T5s": 0.47125,
  "T5o": 0.42675,
  "J5s": 0.46925,
  "J5o": 0.46225,
  "Q5s": 0.5195,
  "Q5o": 0.49025,
  "K5s": 0.55075,
  "K5o": 0.51775,
  "A5s": 0.597,
  "A5o": 0.56925,
  "66": 0.63675,
  "76s": 0.4395,
  "76o": 0.412,
  "86s": 0.4635,
  "86o": 0.41375,
  "96s": 0.48025,
  "96o": 0.4415,
  "T6s": 0.48775,
  "T6o": 0.458,
  "J6s": 0.4955,
  "J6o": 0.4925,
  "Q6s": 0.52975,
  "Q6o": 0.52975,
  "K6s": 0.55275,
  "K6o": 0.55275,
  "A6s": 0.60125,
  "A6o": 0.56325,
  "77": 0.652,
  "87s": 0.48475,
  "87o": 0.452,
  "97s": 0.4815,
  "97o": 0.46725,
  "T7s": 0.52,
  "T7o": 0.46775,
  "J7s": 0.517,
  "J7o": 0.50525,
  "Q7s": 0.5485,
  "Q7o": 0.50575,
  "K7s": 0.5615,
  "K7o": 0.5435,
  "A7s": 0.60575,
  "A7o": 0.58125,
  "88": 0.69475,
  "98s": 0.536,
  "98o": 0.485,
  "T8s": 0.53475,
  "T8o": 0.50975,
  "J8s": 0.53225,
  "J8o": 0.53725,
  "Q8s": 0.5565,
  "Q8o": 0.52875,
  "K8s": 0.56575,
  "K8o": 0.553,
  "A8s": 0.627,
  "A8o": 0.611,
  "99": 0.71225,
  "T9s": 0.54425,
  "T9o": 0.5035,
  "J9s": 0.54675,
  "J9o": 0.55575,
  "Q9s": 0.58025,
  "Q9o": 0.5315,
  "K9s": 0.602,
  "K9o": 0.573,
  "A9s": 0.63625,
  "A9o": 0.5965,
  "TT": 0.75525,
  "JTs": 0.59875,
  "JTo": 0.53925,
  "QTs": 0.5855,
  "QTo": 0.57625,
  "KTs": 0.62925,
  "KTo": 0.583,
  "ATs": 0.636,
  "ATo": 0.6055,
  "JJ": 0.77575,
  "QJs": 0.613,
  "QJo": 0.579,
  "KJs": 0.6305,
  "KJo": 0.59625,
  "AJs": 0.659,
  "AJo": 0.63775,
  "QQ": 0.8045,
  "KQs": 0.6215,
  "KQo": 0.62875,
  "AQs": 0.65775,
  "AQo": 0.64375,
  "KK": 0.82225,
  "AKs": 0.6885,
  "AKo": 0.654,
  "AA": 0.85525
}
